full_part_number,section,subsection,position_details
EP4ROC1,How to order,,Pos1(): Fixed value | Pos2(): Fixed value | Pos3(E): 9 ways | Pos4(P): Plug | Pos5(4R): Rear insert 4-40 | Pos6(O): Open back side | Pos7(C): Carton boxes | Pos8(1): Gold flash
EP4ROC2,How to order,,"Pos1(): Fixed value | Pos2(): Fixed value | Pos3(E): 9 ways | Pos4(P): Plug | Pos5(4R): Rear insert 4-40 | Pos6(O): Open back side | Pos7(C): Carton boxes | Pos8(2): 0.4µm (15µ"")"
EP4ROC4,How to order,,"Pos1(): Fixed value | Pos2(): Fixed value | Pos3(E): 9 ways | Pos4(P): Plug | Pos5(4R): Rear insert 4-40 | Pos6(O): Open back side | Pos7(C): Carton boxes | Pos8(4): 0.76µm (30µ"")"
EP4Rno digitC1,How to order,,Pos1(): Fixed value | Pos2(): Fixed value | Pos3(E): 9 ways | Pos4(P): Plug | Pos5(4R): Rear insert 4-40 | Pos6(no digit): Closed back side | Pos7(C): Carton boxes | Pos8(1): Gold flash
EP4Rno digitC2,How to order,,"Pos1(): Fixed value | Pos2(): Fixed value | Pos3(E): 9 ways | Pos4(P): Plug | Pos5(4R): Rear insert 4-40 | Pos6(no digit): Closed back side | Pos7(C): Carton boxes | Pos8(2): 0.4µm (15µ"")"
EP4Rno digitC4,How to order,,"Pos1(): Fixed value | Pos2(): Fixed value | Pos3(E): 9 ways | Pos4(P): Plug | Pos5(4R): Rear insert 4-40 | Pos6(no digit): Closed back side | Pos7(C): Carton boxes | Pos8(4): 0.76µm (30µ"")"
EP3ROC1,How to order,,Pos1(): Fixed value | Pos2(): Fixed value | Pos3(E): 9 ways | Pos4(P): Plug | Pos5(3R): Rear insert M3 | Pos6(O): Open back side | Pos7(C): Carton boxes | Pos8(1): Gold flash
EP3ROC2,How to order,,"Pos1(): Fixed value | Pos2(): Fixed value | Pos3(E): 9 ways | Pos4(P): Plug | Pos5(3R): Rear insert M3 | Pos6(O): Open back side | Pos7(C): Carton boxes | Pos8(2): 0.4µm (15µ"")"
EP3ROC4,How to order,,"Pos1(): Fixed value | Pos2(): Fixed value | Pos3(E): 9 ways | Pos4(P): Plug | Pos5(3R): Rear insert M3 | Pos6(O): Open back side | Pos7(C): Carton boxes | Pos8(4): 0.76µm (30µ"")"
EP3Rno digitC1,How to order,,Pos1(): Fixed value | Pos2(): Fixed value | Pos3(E): 9 ways | Pos4(P): Plug | Pos5(3R): Rear insert M3 | Pos6(no digit): Closed back side | Pos7(C): Carton boxes | Pos8(1): Gold flash
EP3Rno digitC2,How to order,,"Pos1(): Fixed value | Pos2(): Fixed value | Pos3(E): 9 ways | Pos4(P): Plug | Pos5(3R): Rear insert M3 | Pos6(no digit): Closed back side | Pos7(C): Carton boxes | Pos8(2): 0.4µm (15µ"")"
EP3Rno digitC4,How to order,,"Pos1(): Fixed value | Pos2(): Fixed value | Pos3(E): 9 ways | Pos4(P): Plug | Pos5(3R): Rear insert M3 | Pos6(no digit): Closed back side | Pos7(C): Carton boxes | Pos8(4): 0.76µm (30µ"")"
EP4FOC1,How to order,,Pos1(): Fixed value | Pos2(): Fixed value | Pos3(E): 9 ways | Pos4(P): Plug | Pos5(4F): Front screwlock 4-40 | Pos6(O): Open back side | Pos7(C): Carton boxes | Pos8(1): Gold flash
EP4FOC2,How to order,,"Pos1(): Fixed value | Pos2(): Fixed value | Pos3(E): 9 ways | Pos4(P): Plug | Pos5(4F): Front screwlock 4-40 | Pos6(O): Open back side | Pos7(C): Carton boxes | Pos8(2): 0.4µm (15µ"")"
EP4FOC4,How to order,,"Pos1(): Fixed value | Pos2(): Fixed value | Pos3(E): 9 ways | Pos4(P): Plug | Pos5(4F): Front screwlock 4-40 | Pos6(O): Open back side | Pos7(C): Carton boxes | Pos8(4): 0.76µm (30µ"")"
EP4Fno digitC1,How to order,,Pos1(): Fixed value | Pos2(): Fixed value | Pos3(E): 9 ways | Pos4(P): Plug | Pos5(4F): Front screwlock 4-40 | Pos6(no digit): Closed back side | Pos7(C): Carton boxes | Pos8(1): Gold flash
EP4Fno digitC2,How to order,,"Pos1(): Fixed value | Pos2(): Fixed value | Pos3(E): 9 ways | Pos4(P): Plug | Pos5(4F): Front screwlock 4-40 | Pos6(no digit): Closed back side | Pos7(C): Carton boxes | Pos8(2): 0.4µm (15µ"")"
EP4Fno digitC4,How to order,,"Pos1(): Fixed value | Pos2(): Fixed value | Pos3(E): 9 ways | Pos4(P): Plug | Pos5(4F): Front screwlock 4-40 | Pos6(no digit): Closed back side | Pos7(C): Carton boxes | Pos8(4): 0.76µm (30µ"")"
EP3FOC1,How to order,,Pos1(): Fixed value | Pos2(): Fixed value | Pos3(E): 9 ways | Pos4(P): Plug | Pos5(3F): Front screwlock M3 | Pos6(O): Open back side | Pos7(C): Carton boxes | Pos8(1): Gold flash
EP3FOC2,How to order,,"Pos1(): Fixed value | Pos2(): Fixed value | Pos3(E): 9 ways | Pos4(P): Plug | Pos5(3F): Front screwlock M3 | Pos6(O): Open back side | Pos7(C): Carton boxes | Pos8(2): 0.4µm (15µ"")"
EP3FOC4,How to order,,"Pos1(): Fixed value | Pos2(): Fixed value | Pos3(E): 9 ways | Pos4(P): Plug | Pos5(3F): Front screwlock M3 | Pos6(O): Open back side | Pos7(C): Carton boxes | Pos8(4): 0.76µm (30µ"")"
EP3Fno digitC1,How to order,,Pos1(): Fixed value | Pos2(): Fixed value | Pos3(E): 9 ways | Pos4(P): Plug | Pos5(3F): Front screwlock M3 | Pos6(no digit): Closed back side | Pos7(C): Carton boxes | Pos8(1): Gold flash
EP3Fno digitC2,How to order,,"Pos1(): Fixed value | Pos2(): Fixed value | Pos3(E): 9 ways | Pos4(P): Plug | Pos5(3F): Front screwlock M3 | Pos6(no digit): Closed back side | Pos7(C): Carton boxes | Pos8(2): 0.4µm (15µ"")"
EP3Fno digitC4,How to order,,"Pos1(): Fixed value | Pos2(): Fixed value | Pos3(E): 9 ways | Pos4(P): Plug | Pos5(3F): Front screwlock M3 | Pos6(no digit): Closed back side | Pos7(C): Carton boxes | Pos8(4): 0.76µm (30µ"")"
ES4ROC1,How to order,,Pos1(): Fixed value | Pos2(): Fixed value | Pos3(E): 9 ways | Pos4(S): Socket | Pos5(4R): Rear insert 4-40 | Pos6(O): Open back side | Pos7(C): Carton boxes | Pos8(1): Gold flash
ES4ROC2,How to order,,"Pos1(): Fixed value | Pos2(): Fixed value | Pos3(E): 9 ways | Pos4(S): Socket | Pos5(4R): Rear insert 4-40 | Pos6(O): Open back side | Pos7(C): Carton boxes | Pos8(2): 0.4µm (15µ"")"
ES4ROC4,How to order,,"Pos1(): Fixed value | Pos2(): Fixed value | Pos3(E): 9 ways | Pos4(S): Socket | Pos5(4R): Rear insert 4-40 | Pos6(O): Open back side | Pos7(C): Carton boxes | Pos8(4): 0.76µm (30µ"")"
ES4Rno digitC1,How to order,,Pos1(): Fixed value | Pos2(): Fixed value | Pos3(E): 9 ways | Pos4(S): Socket | Pos5(4R): Rear insert 4-40 | Pos6(no digit): Closed back side | Pos7(C): Carton boxes | Pos8(1): Gold flash
ES4Rno digitC2,How to order,,"Pos1(): Fixed value | Pos2(): Fixed value | Pos3(E): 9 ways | Pos4(S): Socket | Pos5(4R): Rear insert 4-40 | Pos6(no digit): Closed back side | Pos7(C): Carton boxes | Pos8(2): 0.4µm (15µ"")"
ES4Rno digitC4,How to order,,"Pos1(): Fixed value | Pos2(): Fixed value | Pos3(E): 9 ways | Pos4(S): Socket | Pos5(4R): Rear insert 4-40 | Pos6(no digit): Closed back side | Pos7(C): Carton boxes | Pos8(4): 0.76µm (30µ"")"
ES3ROC1,How to order,,Pos1(): Fixed value | Pos2(): Fixed value | Pos3(E): 9 ways | Pos4(S): Socket | Pos5(3R): Rear insert M3 | Pos6(O): Open back side | Pos7(C): Carton boxes | Pos8(1): Gold flash
ES3ROC2,How to order,,"Pos1(): Fixed value | Pos2(): Fixed value | Pos3(E): 9 ways | Pos4(S): Socket | Pos5(3R): Rear insert M3 | Pos6(O): Open back side | Pos7(C): Carton boxes | Pos8(2): 0.4µm (15µ"")"
ES3ROC4,How to order,,"Pos1(): Fixed value | Pos2(): Fixed value | Pos3(E): 9 ways | Pos4(S): Socket | Pos5(3R): Rear insert M3 | Pos6(O): Open back side | Pos7(C): Carton boxes | Pos8(4): 0.76µm (30µ"")"
ES3Rno digitC1,How to order,,Pos1(): Fixed value | Pos2(): Fixed value | Pos3(E): 9 ways | Pos4(S): Socket | Pos5(3R): Rear insert M3 | Pos6(no digit): Closed back side | Pos7(C): Carton boxes | Pos8(1): Gold flash
ES3Rno digitC2,How to order,,"Pos1(): Fixed value | Pos2(): Fixed value | Pos3(E): 9 ways | Pos4(S): Socket | Pos5(3R): Rear insert M3 | Pos6(no digit): Closed back side | Pos7(C): Carton boxes | Pos8(2): 0.4µm (15µ"")"
ES3Rno digitC4,How to order,,"Pos1(): Fixed value | Pos2(): Fixed value | Pos3(E): 9 ways | Pos4(S): Socket | Pos5(3R): Rear insert M3 | Pos6(no digit): Closed back side | Pos7(C): Carton boxes | Pos8(4): 0.76µm (30µ"")"
ES4FOC1,How to order,,Pos1(): Fixed value | Pos2(): Fixed value | Pos3(E): 9 ways | Pos4(S): Socket | Pos5(4F): Front screwlock 4-40 | Pos6(O): Open back side | Pos7(C): Carton boxes | Pos8(1): Gold flash
ES4FOC2,How to order,,"Pos1(): Fixed value | Pos2(): Fixed value | Pos3(E): 9 ways | Pos4(S): Socket | Pos5(4F): Front screwlock 4-40 | Pos6(O): Open back side | Pos7(C): Carton boxes | Pos8(2): 0.4µm (15µ"")"
ES4FOC4,How to order,,"Pos1(): Fixed value | Pos2(): Fixed value | Pos3(E): 9 ways | Pos4(S): Socket | Pos5(4F): Front screwlock 4-40 | Pos6(O): Open back side | Pos7(C): Carton boxes | Pos8(4): 0.76µm (30µ"")"
ES4Fno digitC1,How to order,,Pos1(): Fixed value | Pos2(): Fixed value | Pos3(E): 9 ways | Pos4(S): Socket | Pos5(4F): Front screwlock 4-40 | Pos6(no digit): Closed back side | Pos7(C): Carton boxes | Pos8(1): Gold flash
ES4Fno digitC2,How to order,,"Pos1(): Fixed value | Pos2(): Fixed value | Pos3(E): 9 ways | Pos4(S): Socket | Pos5(4F): Front screwlock 4-40 | Pos6(no digit): Closed back side | Pos7(C): Carton boxes | Pos8(2): 0.4µm (15µ"")"
ES4Fno digitC4,How to order,,"Pos1(): Fixed value | Pos2(): Fixed value | Pos3(E): 9 ways | Pos4(S): Socket | Pos5(4F): Front screwlock 4-40 | Pos6(no digit): Closed back side | Pos7(C): Carton boxes | Pos8(4): 0.76µm (30µ"")"
ES3FOC1,How to order,,Pos1(): Fixed value | Pos2(): Fixed value | Pos3(E): 9 ways | Pos4(S): Socket | Pos5(3F): Front screwlock M3 | Pos6(O): Open back side | Pos7(C): Carton boxes | Pos8(1): Gold flash
ES3FOC2,How to order,,"Pos1(): Fixed value | Pos2(): Fixed value | Pos3(E): 9 ways | Pos4(S): Socket | Pos5(3F): Front screwlock M3 | Pos6(O): Open back side | Pos7(C): Carton boxes | Pos8(2): 0.4µm (15µ"")"
ES3FOC4,How to order,,"Pos1(): Fixed value | Pos2(): Fixed value | Pos3(E): 9 ways | Pos4(S): Socket | Pos5(3F): Front screwlock M3 | Pos6(O): Open back side | Pos7(C): Carton boxes | Pos8(4): 0.76µm (30µ"")"
ES3Fno digitC1,How to order,,Pos1(): Fixed value | Pos2(): Fixed value | Pos3(E): 9 ways | Pos4(S): Socket | Pos5(3F): Front screwlock M3 | Pos6(no digit): Closed back side | Pos7(C): Carton boxes | Pos8(1): Gold flash
ES3Fno digitC2,How to order,,"Pos1(): Fixed value | Pos2(): Fixed value | Pos3(E): 9 ways | Pos4(S): Socket | Pos5(3F): Front screwlock M3 | Pos6(no digit): Closed back side | Pos7(C): Carton boxes | Pos8(2): 0.4µm (15µ"")"
ES3Fno digitC4,How to order,,"Pos1(): Fixed value | Pos2(): Fixed value | Pos3(E): 9 ways | Pos4(S): Socket | Pos5(3F): Front screwlock M3 | Pos6(no digit): Closed back side | Pos7(C): Carton boxes | Pos8(4): 0.76µm (30µ"")"
AP4ROC1,How to order,,Pos1(): Fixed value | Pos2(): Fixed value | Pos3(A): 15 ways | Pos4(P): Plug | Pos5(4R): Rear insert 4-40 | Pos6(O): Open back side | Pos7(C): Carton boxes | Pos8(1): Gold flash
AP4ROC2,How to order,,"Pos1(): Fixed value | Pos2(): Fixed value | Pos3(A): 15 ways | Pos4(P): Plug | Pos5(4R): Rear insert 4-40 | Pos6(O): Open back side | Pos7(C): Carton boxes | Pos8(2): 0.4µm (15µ"")"
AP4ROC4,How to order,,"Pos1(): Fixed value | Pos2(): Fixed value | Pos3(A): 15 ways | Pos4(P): Plug | Pos5(4R): Rear insert 4-40 | Pos6(O): Open back side | Pos7(C): Carton boxes | Pos8(4): 0.76µm (30µ"")"
AP4Rno digitC1,How to order,,Pos1(): Fixed value | Pos2(): Fixed value | Pos3(A): 15 ways | Pos4(P): Plug | Pos5(4R): Rear insert 4-40 | Pos6(no digit): Closed back side | Pos7(C): Carton boxes | Pos8(1): Gold flash
AP4Rno digitC2,How to order,,"Pos1(): Fixed value | Pos2(): Fixed value | Pos3(A): 15 ways | Pos4(P): Plug | Pos5(4R): Rear insert 4-40 | Pos6(no digit): Closed back side | Pos7(C): Carton boxes | Pos8(2): 0.4µm (15µ"")"
AP4Rno digitC4,How to order,,"Pos1(): Fixed value | Pos2(): Fixed value | Pos3(A): 15 ways | Pos4(P): Plug | Pos5(4R): Rear insert 4-40 | Pos6(no digit): Closed back side | Pos7(C): Carton boxes | Pos8(4): 0.76µm (30µ"")"
AP3ROC1,How to order,,Pos1(): Fixed value | Pos2(): Fixed value | Pos3(A): 15 ways | Pos4(P): Plug | Pos5(3R): Rear insert M3 | Pos6(O): Open back side | Pos7(C): Carton boxes | Pos8(1): Gold flash
AP3ROC2,How to order,,"Pos1(): Fixed value | Pos2(): Fixed value | Pos3(A): 15 ways | Pos4(P): Plug | Pos5(3R): Rear insert M3 | Pos6(O): Open back side | Pos7(C): Carton boxes | Pos8(2): 0.4µm (15µ"")"
AP3ROC4,How to order,,"Pos1(): Fixed value | Pos2(): Fixed value | Pos3(A): 15 ways | Pos4(P): Plug | Pos5(3R): Rear insert M3 | Pos6(O): Open back side | Pos7(C): Carton boxes | Pos8(4): 0.76µm (30µ"")"
AP3Rno digitC1,How to order,,Pos1(): Fixed value | Pos2(): Fixed value | Pos3(A): 15 ways | Pos4(P): Plug | Pos5(3R): Rear insert M3 | Pos6(no digit): Closed back side | Pos7(C): Carton boxes | Pos8(1): Gold flash
AP3Rno digitC2,How to order,,"Pos1(): Fixed value | Pos2(): Fixed value | Pos3(A): 15 ways | Pos4(P): Plug | Pos5(3R): Rear insert M3 | Pos6(no digit): Closed back side | Pos7(C): Carton boxes | Pos8(2): 0.4µm (15µ"")"
AP3Rno digitC4,How to order,,"Pos1(): Fixed value | Pos2(): Fixed value | Pos3(A): 15 ways | Pos4(P): Plug | Pos5(3R): Rear insert M3 | Pos6(no digit): Closed back side | Pos7(C): Carton boxes | Pos8(4): 0.76µm (30µ"")"
AP4FOC1,How to order,,Pos1(): Fixed value | Pos2(): Fixed value | Pos3(A): 15 ways | Pos4(P): Plug | Pos5(4F): Front screwlock 4-40 | Pos6(O): Open back side | Pos7(C): Carton boxes | Pos8(1): Gold flash
AP4FOC2,How to order,,"Pos1(): Fixed value | Pos2(): Fixed value | Pos3(A): 15 ways | Pos4(P): Plug | Pos5(4F): Front screwlock 4-40 | Pos6(O): Open back side | Pos7(C): Carton boxes | Pos8(2): 0.4µm (15µ"")"
AP4FOC4,How to order,,"Pos1(): Fixed value | Pos2(): Fixed value | Pos3(A): 15 ways | Pos4(P): Plug | Pos5(4F): Front screwlock 4-40 | Pos6(O): Open back side | Pos7(C): Carton boxes | Pos8(4): 0.76µm (30µ"")"
AP4Fno digitC1,How to order,,Pos1(): Fixed value | Pos2(): Fixed value | Pos3(A): 15 ways | Pos4(P): Plug | Pos5(4F): Front screwlock 4-40 | Pos6(no digit): Closed back side | Pos7(C): Carton boxes | Pos8(1): Gold flash
AP4Fno digitC2,How to order,,"Pos1(): Fixed value | Pos2(): Fixed value | Pos3(A): 15 ways | Pos4(P): Plug | Pos5(4F): Front screwlock 4-40 | Pos6(no digit): Closed back side | Pos7(C): Carton boxes | Pos8(2): 0.4µm (15µ"")"
AP4Fno digitC4,How to order,,"Pos1(): Fixed value | Pos2(): Fixed value | Pos3(A): 15 ways | Pos4(P): Plug | Pos5(4F): Front screwlock 4-40 | Pos6(no digit): Closed back side | Pos7(C): Carton boxes | Pos8(4): 0.76µm (30µ"")"
AP3FOC1,How to order,,Pos1(): Fixed value | Pos2(): Fixed value | Pos3(A): 15 ways | Pos4(P): Plug | Pos5(3F): Front screwlock M3 | Pos6(O): Open back side | Pos7(C): Carton boxes | Pos8(1): Gold flash
AP3FOC2,How to order,,"Pos1(): Fixed value | Pos2(): Fixed value | Pos3(A): 15 ways | Pos4(P): Plug | Pos5(3F): Front screwlock M3 | Pos6(O): Open back side | Pos7(C): Carton boxes | Pos8(2): 0.4µm (15µ"")"
AP3FOC4,How to order,,"Pos1(): Fixed value | Pos2(): Fixed value | Pos3(A): 15 ways | Pos4(P): Plug | Pos5(3F): Front screwlock M3 | Pos6(O): Open back side | Pos7(C): Carton boxes | Pos8(4): 0.76µm (30µ"")"
AP3Fno digitC1,How to order,,Pos1(): Fixed value | Pos2(): Fixed value | Pos3(A): 15 ways | Pos4(P): Plug | Pos5(3F): Front screwlock M3 | Pos6(no digit): Closed back side | Pos7(C): Carton boxes | Pos8(1): Gold flash
AP3Fno digitC2,How to order,,"Pos1(): Fixed value | Pos2(): Fixed value | Pos3(A): 15 ways | Pos4(P): Plug | Pos5(3F): Front screwlock M3 | Pos6(no digit): Closed back side | Pos7(C): Carton boxes | Pos8(2): 0.4µm (15µ"")"
AP3Fno digitC4,How to order,,"Pos1(): Fixed value | Pos2(): Fixed value | Pos3(A): 15 ways | Pos4(P): Plug | Pos5(3F): Front screwlock M3 | Pos6(no digit): Closed back side | Pos7(C): Carton boxes | Pos8(4): 0.76µm (30µ"")"
AS4ROC1,How to order,,Pos1(): Fixed value | Pos2(): Fixed value | Pos3(A): 15 ways | Pos4(S): Socket | Pos5(4R): Rear insert 4-40 | Pos6(O): Open back side | Pos7(C): Carton boxes | Pos8(1): Gold flash
AS4ROC2,How to order,,"Pos1(): Fixed value | Pos2(): Fixed value | Pos3(A): 15 ways | Pos4(S): Socket | Pos5(4R): Rear insert 4-40 | Pos6(O): Open back side | Pos7(C): Carton boxes | Pos8(2): 0.4µm (15µ"")"
AS4ROC4,How to order,,"Pos1(): Fixed value | Pos2(): Fixed value | Pos3(A): 15 ways | Pos4(S): Socket | Pos5(4R): Rear insert 4-40 | Pos6(O): Open back side | Pos7(C): Carton boxes | Pos8(4): 0.76µm (30µ"")"
AS4Rno digitC1,How to order,,Pos1(): Fixed value | Pos2(): Fixed value | Pos3(A): 15 ways | Pos4(S): Socket | Pos5(4R): Rear insert 4-40 | Pos6(no digit): Closed back side | Pos7(C): Carton boxes | Pos8(1): Gold flash
AS4Rno digitC2,How to order,,"Pos1(): Fixed value | Pos2(): Fixed value | Pos3(A): 15 ways | Pos4(S): Socket | Pos5(4R): Rear insert 4-40 | Pos6(no digit): Closed back side | Pos7(C): Carton boxes | Pos8(2): 0.4µm (15µ"")"
AS4Rno digitC4,How to order,,"Pos1(): Fixed value | Pos2(): Fixed value | Pos3(A): 15 ways | Pos4(S): Socket | Pos5(4R): Rear insert 4-40 | Pos6(no digit): Closed back side | Pos7(C): Carton boxes | Pos8(4): 0.76µm (30µ"")"
AS3ROC1,How to order,,Pos1(): Fixed value | Pos2(): Fixed value | Pos3(A): 15 ways | Pos4(S): Socket | Pos5(3R): Rear insert M3 | Pos6(O): Open back side | Pos7(C): Carton boxes | Pos8(1): Gold flash
AS3ROC2,How to order,,"Pos1(): Fixed value | Pos2(): Fixed value | Pos3(A): 15 ways | Pos4(S): Socket | Pos5(3R): Rear insert M3 | Pos6(O): Open back side | Pos7(C): Carton boxes | Pos8(2): 0.4µm (15µ"")"
AS3ROC4,How to order,,"Pos1(): Fixed value | Pos2(): Fixed value | Pos3(A): 15 ways | Pos4(S): Socket | Pos5(3R): Rear insert M3 | Pos6(O): Open back side | Pos7(C): Carton boxes | Pos8(4): 0.76µm (30µ"")"
AS3Rno digitC1,How to order,,Pos1(): Fixed value | Pos2(): Fixed value | Pos3(A): 15 ways | Pos4(S): Socket | Pos5(3R): Rear insert M3 | Pos6(no digit): Closed back side | Pos7(C): Carton boxes | Pos8(1): Gold flash
AS3Rno digitC2,How to order,,"Pos1(): Fixed value | Pos2(): Fixed value | Pos3(A): 15 ways | Pos4(S): Socket | Pos5(3R): Rear insert M3 | Pos6(no digit): Closed back side | Pos7(C): Carton boxes | Pos8(2): 0.4µm (15µ"")"
AS3Rno digitC4,How to order,,"Pos1(): Fixed value | Pos2(): Fixed value | Pos3(A): 15 ways | Pos4(S): Socket | Pos5(3R): Rear insert M3 | Pos6(no digit): Closed back side | Pos7(C): Carton boxes | Pos8(4): 0.76µm (30µ"")"
AS4FOC1,How to order,,Pos1(): Fixed value | Pos2(): Fixed value | Pos3(A): 15 ways | Pos4(S): Socket | Pos5(4F): Front screwlock 4-40 | Pos6(O): Open back side | Pos7(C): Carton boxes | Pos8(1): Gold flash
AS4FOC2,How to order,,"Pos1(): Fixed value | Pos2(): Fixed value | Pos3(A): 15 ways | Pos4(S): Socket | Pos5(4F): Front screwlock 4-40 | Pos6(O): Open back side | Pos7(C): Carton boxes | Pos8(2): 0.4µm (15µ"")"
AS4FOC4,How to order,,"Pos1(): Fixed value | Pos2(): Fixed value | Pos3(A): 15 ways | Pos4(S): Socket | Pos5(4F): Front screwlock 4-40 | Pos6(O): Open back side | Pos7(C): Carton boxes | Pos8(4): 0.76µm (30µ"")"
AS4Fno digitC1,How to order,,Pos1(): Fixed value | Pos2(): Fixed value | Pos3(A): 15 ways | Pos4(S): Socket | Pos5(4F): Front screwlock 4-40 | Pos6(no digit): Closed back side | Pos7(C): Carton boxes | Pos8(1): Gold flash
AS4Fno digitC2,How to order,,"Pos1(): Fixed value | Pos2(): Fixed value | Pos3(A): 15 ways | Pos4(S): Socket | Pos5(4F): Front screwlock 4-40 | Pos6(no digit): Closed back side | Pos7(C): Carton boxes | Pos8(2): 0.4µm (15µ"")"
AS4Fno digitC4,How to order,,"Pos1(): Fixed value | Pos2(): Fixed value | Pos3(A): 15 ways | Pos4(S): Socket | Pos5(4F): Front screwlock 4-40 | Pos6(no digit): Closed back side | Pos7(C): Carton boxes | Pos8(4): 0.76µm (30µ"")"
AS3FOC1,How to order,,Pos1(): Fixed value | Pos2(): Fixed value | Pos3(A): 15 ways | Pos4(S): Socket | Pos5(3F): Front screwlock M3 | Pos6(O): Open back side | Pos7(C): Carton boxes | Pos8(1): Gold flash
AS3FOC2,How to order,,"Pos1(): Fixed value | Pos2(): Fixed value | Pos3(A): 15 ways | Pos4(S): Socket | Pos5(3F): Front screwlock M3 | Pos6(O): Open back side | Pos7(C): Carton boxes | Pos8(2): 0.4µm (15µ"")"
AS3FOC4,How to order,,"Pos1(): Fixed value | Pos2(): Fixed value | Pos3(A): 15 ways | Pos4(S): Socket | Pos5(3F): Front screwlock M3 | Pos6(O): Open back side | Pos7(C): Carton boxes | Pos8(4): 0.76µm (30µ"")"
AS3Fno digitC1,How to order,,Pos1(): Fixed value | Pos2(): Fixed value | Pos3(A): 15 ways | Pos4(S): Socket | Pos5(3F): Front screwlock M3 | Pos6(no digit): Closed back side | Pos7(C): Carton boxes | Pos8(1): Gold flash
AS3Fno digitC2,How to order,,"Pos1(): Fixed value | Pos2(): Fixed value | Pos3(A): 15 ways | Pos4(S): Socket | Pos5(3F): Front screwlock M3 | Pos6(no digit): Closed back side | Pos7(C): Carton boxes | Pos8(2): 0.4µm (15µ"")"
AS3Fno digitC4,How to order,,"Pos1(): Fixed value | Pos2(): Fixed value | Pos3(A): 15 ways | Pos4(S): Socket | Pos5(3F): Front screwlock M3 | Pos6(no digit): Closed back side | Pos7(C): Carton boxes | Pos8(4): 0.76µm (30µ"")"
BP4ROC1,How to order,,Pos1(): Fixed value | Pos2(): Fixed value | Pos3(B): 25 ways | Pos4(P): Plug | Pos5(4R): Rear insert 4-40 | Pos6(O): Open back side | Pos7(C): Carton boxes | Pos8(1): Gold flash
BP4ROC2,How to order,,"Pos1(): Fixed value | Pos2(): Fixed value | Pos3(B): 25 ways | Pos4(P): Plug | Pos5(4R): Rear insert 4-40 | Pos6(O): Open back side | Pos7(C): Carton boxes | Pos8(2): 0.4µm (15µ"")"
BP4ROC4,How to order,,"Pos1(): Fixed value | Pos2(): Fixed value | Pos3(B): 25 ways | Pos4(P): Plug | Pos5(4R): Rear insert 4-40 | Pos6(O): Open back side | Pos7(C): Carton boxes | Pos8(4): 0.76µm (30µ"")"
BP4Rno digitC1,How to order,,Pos1(): Fixed value | Pos2(): Fixed value | Pos3(B): 25 ways | Pos4(P): Plug | Pos5(4R): Rear insert 4-40 | Pos6(no digit): Closed back side | Pos7(C): Carton boxes | Pos8(1): Gold flash
BP4Rno digitC2,How to order,,"Pos1(): Fixed value | Pos2(): Fixed value | Pos3(B): 25 ways | Pos4(P): Plug | Pos5(4R): Rear insert 4-40 | Pos6(no digit): Closed back side | Pos7(C): Carton boxes | Pos8(2): 0.4µm (15µ"")"
BP4Rno digitC4,How to order,,"Pos1(): Fixed value | Pos2(): Fixed value | Pos3(B): 25 ways | Pos4(P): Plug | Pos5(4R): Rear insert 4-40 | Pos6(no digit): Closed back side | Pos7(C): Carton boxes | Pos8(4): 0.76µm (30µ"")"
BP3ROC1,How to order,,Pos1(): Fixed value | Pos2(): Fixed value | Pos3(B): 25 ways | Pos4(P): Plug | Pos5(3R): Rear insert M3 | Pos6(O): Open back side | Pos7(C): Carton boxes | Pos8(1): Gold flash
BP3ROC2,How to order,,"Pos1(): Fixed value | Pos2(): Fixed value | Pos3(B): 25 ways | Pos4(P): Plug | Pos5(3R): Rear insert M3 | Pos6(O): Open back side | Pos7(C): Carton boxes | Pos8(2): 0.4µm (15µ"")"
BP3ROC4,How to order,,"Pos1(): Fixed value | Pos2(): Fixed value | Pos3(B): 25 ways | Pos4(P): Plug | Pos5(3R): Rear insert M3 | Pos6(O): Open back side | Pos7(C): Carton boxes | Pos8(4): 0.76µm (30µ"")"
BP3Rno digitC1,How to order,,Pos1(): Fixed value | Pos2(): Fixed value | Pos3(B): 25 ways | Pos4(P): Plug | Pos5(3R): Rear insert M3 | Pos6(no digit): Closed back side | Pos7(C): Carton boxes | Pos8(1): Gold flash
BP3Rno digitC2,How to order,,"Pos1(): Fixed value | Pos2(): Fixed value | Pos3(B): 25 ways | Pos4(P): Plug | Pos5(3R): Rear insert M3 | Pos6(no digit): Closed back side | Pos7(C): Carton boxes | Pos8(2): 0.4µm (15µ"")"
BP3Rno digitC4,How to order,,"Pos1(): Fixed value | Pos2(): Fixed value | Pos3(B): 25 ways | Pos4(P): Plug | Pos5(3R): Rear insert M3 | Pos6(no digit): Closed back side | Pos7(C): Carton boxes | Pos8(4): 0.76µm (30µ"")"
BP4FOC1,How to order,,Pos1(): Fixed value | Pos2(): Fixed value | Pos3(B): 25 ways | Pos4(P): Plug | Pos5(4F): Front screwlock 4-40 | Pos6(O): Open back side | Pos7(C): Carton boxes | Pos8(1): Gold flash
BP4FOC2,How to order,,"Pos1(): Fixed value | Pos2(): Fixed value | Pos3(B): 25 ways | Pos4(P): Plug | Pos5(4F): Front screwlock 4-40 | Pos6(O): Open back side | Pos7(C): Carton boxes | Pos8(2): 0.4µm (15µ"")"
BP4FOC4,How to order,,"Pos1(): Fixed value | Pos2(): Fixed value | Pos3(B): 25 ways | Pos4(P): Plug | Pos5(4F): Front screwlock 4-40 | Pos6(O): Open back side | Pos7(C): Carton boxes | Pos8(4): 0.76µm (30µ"")"
BP4Fno digitC1,How to order,,Pos1(): Fixed value | Pos2(): Fixed value | Pos3(B): 25 ways | Pos4(P): Plug | Pos5(4F): Front screwlock 4-40 | Pos6(no digit): Closed back side | Pos7(C): Carton boxes | Pos8(1): Gold flash
BP4Fno digitC2,How to order,,"Pos1(): Fixed value | Pos2(): Fixed value | Pos3(B): 25 ways | Pos4(P): Plug | Pos5(4F): Front screwlock 4-40 | Pos6(no digit): Closed back side | Pos7(C): Carton boxes | Pos8(2): 0.4µm (15µ"")"
BP4Fno digitC4,How to order,,"Pos1(): Fixed value | Pos2(): Fixed value | Pos3(B): 25 ways | Pos4(P): Plug | Pos5(4F): Front screwlock 4-40 | Pos6(no digit): Closed back side | Pos7(C): Carton boxes | Pos8(4): 0.76µm (30µ"")"
BP3FOC1,How to order,,Pos1(): Fixed value | Pos2(): Fixed value | Pos3(B): 25 ways | Pos4(P): Plug | Pos5(3F): Front screwlock M3 | Pos6(O): Open back side | Pos7(C): Carton boxes | Pos8(1): Gold flash
BP3FOC2,How to order,,"Pos1(): Fixed value | Pos2(): Fixed value | Pos3(B): 25 ways | Pos4(P): Plug | Pos5(3F): Front screwlock M3 | Pos6(O): Open back side | Pos7(C): Carton boxes | Pos8(2): 0.4µm (15µ"")"
BP3FOC4,How to order,,"Pos1(): Fixed value | Pos2(): Fixed value | Pos3(B): 25 ways | Pos4(P): Plug | Pos5(3F): Front screwlock M3 | Pos6(O): Open back side | Pos7(C): Carton boxes | Pos8(4): 0.76µm (30µ"")"
BP3Fno digitC1,How to order,,Pos1(): Fixed value | Pos2(): Fixed value | Pos3(B): 25 ways | Pos4(P): Plug | Pos5(3F): Front screwlock M3 | Pos6(no digit): Closed back side | Pos7(C): Carton boxes | Pos8(1): Gold flash
BP3Fno digitC2,How to order,,"Pos1(): Fixed value | Pos2(): Fixed value | Pos3(B): 25 ways | Pos4(P): Plug | Pos5(3F): Front screwlock M3 | Pos6(no digit): Closed back side | Pos7(C): Carton boxes | Pos8(2): 0.4µm (15µ"")"
BP3Fno digitC4,How to order,,"Pos1(): Fixed value | Pos2(): Fixed value | Pos3(B): 25 ways | Pos4(P): Plug | Pos5(3F): Front screwlock M3 | Pos6(no digit): Closed back side | Pos7(C): Carton boxes | Pos8(4): 0.76µm (30µ"")"
BS4ROC1,How to order,,Pos1(): Fixed value | Pos2(): Fixed value | Pos3(B): 25 ways | Pos4(S): Socket | Pos5(4R): Rear insert 4-40 | Pos6(O): Open back side | Pos7(C): Carton boxes | Pos8(1): Gold flash
BS4ROC2,How to order,,"Pos1(): Fixed value | Pos2(): Fixed value | Pos3(B): 25 ways | Pos4(S): Socket | Pos5(4R): Rear insert 4-40 | Pos6(O): Open back side | Pos7(C): Carton boxes | Pos8(2): 0.4µm (15µ"")"
BS4ROC4,How to order,,"Pos1(): Fixed value | Pos2(): Fixed value | Pos3(B): 25 ways | Pos4(S): Socket | Pos5(4R): Rear insert 4-40 | Pos6(O): Open back side | Pos7(C): Carton boxes | Pos8(4): 0.76µm (30µ"")"
BS4Rno digitC1,How to order,,Pos1(): Fixed value | Pos2(): Fixed value | Pos3(B): 25 ways | Pos4(S): Socket | Pos5(4R): Rear insert 4-40 | Pos6(no digit): Closed back side | Pos7(C): Carton boxes | Pos8(1): Gold flash
BS4Rno digitC2,How to order,,"Pos1(): Fixed value | Pos2(): Fixed value | Pos3(B): 25 ways | Pos4(S): Socket | Pos5(4R): Rear insert 4-40 | Pos6(no digit): Closed back side | Pos7(C): Carton boxes | Pos8(2): 0.4µm (15µ"")"
BS4Rno digitC4,How to order,,"Pos1(): Fixed value | Pos2(): Fixed value | Pos3(B): 25 ways | Pos4(S): Socket | Pos5(4R): Rear insert 4-40 | Pos6(no digit): Closed back side | Pos7(C): Carton boxes | Pos8(4): 0.76µm (30µ"")"
BS3ROC1,How to order,,Pos1(): Fixed value | Pos2(): Fixed value | Pos3(B): 25 ways | Pos4(S): Socket | Pos5(3R): Rear insert M3 | Pos6(O): Open back side | Pos7(C): Carton boxes | Pos8(1): Gold flash
BS3ROC2,How to order,,"Pos1(): Fixed value | Pos2(): Fixed value | Pos3(B): 25 ways | Pos4(S): Socket | Pos5(3R): Rear insert M3 | Pos6(O): Open back side | Pos7(C): Carton boxes | Pos8(2): 0.4µm (15µ"")"
BS3ROC4,How to order,,"Pos1(): Fixed value | Pos2(): Fixed value | Pos3(B): 25 ways | Pos4(S): Socket | Pos5(3R): Rear insert M3 | Pos6(O): Open back side | Pos7(C): Carton boxes | Pos8(4): 0.76µm (30µ"")"
BS3Rno digitC1,How to order,,Pos1(): Fixed value | Pos2(): Fixed value | Pos3(B): 25 ways | Pos4(S): Socket | Pos5(3R): Rear insert M3 | Pos6(no digit): Closed back side | Pos7(C): Carton boxes | Pos8(1): Gold flash
BS3Rno digitC2,How to order,,"Pos1(): Fixed value | Pos2(): Fixed value | Pos3(B): 25 ways | Pos4(S): Socket | Pos5(3R): Rear insert M3 | Pos6(no digit): Closed back side | Pos7(C): Carton boxes | Pos8(2): 0.4µm (15µ"")"
BS3Rno digitC4,How to order,,"Pos1(): Fixed value | Pos2(): Fixed value | Pos3(B): 25 ways | Pos4(S): Socket | Pos5(3R): Rear insert M3 | Pos6(no digit): Closed back side | Pos7(C): Carton boxes | Pos8(4): 0.76µm (30µ"")"
BS4FOC1,How to order,,Pos1(): Fixed value | Pos2(): Fixed value | Pos3(B): 25 ways | Pos4(S): Socket | Pos5(4F): Front screwlock 4-40 | Pos6(O): Open back side | Pos7(C): Carton boxes | Pos8(1): Gold flash
BS4FOC2,How to order,,"Pos1(): Fixed value | Pos2(): Fixed value | Pos3(B): 25 ways | Pos4(S): Socket | Pos5(4F): Front screwlock 4-40 | Pos6(O): Open back side | Pos7(C): Carton boxes | Pos8(2): 0.4µm (15µ"")"
BS4FOC4,How to order,,"Pos1(): Fixed value | Pos2(): Fixed value | Pos3(B): 25 ways | Pos4(S): Socket | Pos5(4F): Front screwlock 4-40 | Pos6(O): Open back side | Pos7(C): Carton boxes | Pos8(4): 0.76µm (30µ"")"
BS4Fno digitC1,How to order,,Pos1(): Fixed value | Pos2(): Fixed value | Pos3(B): 25 ways | Pos4(S): Socket | Pos5(4F): Front screwlock 4-40 | Pos6(no digit): Closed back side | Pos7(C): Carton boxes | Pos8(1): Gold flash
BS4Fno digitC2,How to order,,"Pos1(): Fixed value | Pos2(): Fixed value | Pos3(B): 25 ways | Pos4(S): Socket | Pos5(4F): Front screwlock 4-40 | Pos6(no digit): Closed back side | Pos7(C): Carton boxes | Pos8(2): 0.4µm (15µ"")"
BS4Fno digitC4,How to order,,"Pos1(): Fixed value | Pos2(): Fixed value | Pos3(B): 25 ways | Pos4(S): Socket | Pos5(4F): Front screwlock 4-40 | Pos6(no digit): Closed back side | Pos7(C): Carton boxes | Pos8(4): 0.76µm (30µ"")"
BS3FOC1,How to order,,Pos1(): Fixed value | Pos2(): Fixed value | Pos3(B): 25 ways | Pos4(S): Socket | Pos5(3F): Front screwlock M3 | Pos6(O): Open back side | Pos7(C): Carton boxes | Pos8(1): Gold flash
BS3FOC2,How to order,,"Pos1(): Fixed value | Pos2(): Fixed value | Pos3(B): 25 ways | Pos4(S): Socket | Pos5(3F): Front screwlock M3 | Pos6(O): Open back side | Pos7(C): Carton boxes | Pos8(2): 0.4µm (15µ"")"
BS3FOC4,How to order,,"Pos1(): Fixed value | Pos2(): Fixed value | Pos3(B): 25 ways | Pos4(S): Socket | Pos5(3F): Front screwlock M3 | Pos6(O): Open back side | Pos7(C): Carton boxes | Pos8(4): 0.76µm (30µ"")"
BS3Fno digitC1,How to order,,Pos1(): Fixed value | Pos2(): Fixed value | Pos3(B): 25 ways | Pos4(S): Socket | Pos5(3F): Front screwlock M3 | Pos6(no digit): Closed back side | Pos7(C): Carton boxes | Pos8(1): Gold flash
BS3Fno digitC2,How to order,,"Pos1(): Fixed value | Pos2(): Fixed value | Pos3(B): 25 ways | Pos4(S): Socket | Pos5(3F): Front screwlock M3 | Pos6(no digit): Closed back side | Pos7(C): Carton boxes | Pos8(2): 0.4µm (15µ"")"
BS3Fno digitC4,How to order,,"Pos1(): Fixed value | Pos2(): Fixed value | Pos3(B): 25 ways | Pos4(S): Socket | Pos5(3F): Front screwlock M3 | Pos6(no digit): Closed back side | Pos7(C): Carton boxes | Pos8(4): 0.76µm (30µ"")"
CP4ROC1,How to order,,Pos1(): Fixed value | Pos2(): Fixed value | Pos3(C): 37 ways | Pos4(P): Plug | Pos5(4R): Rear insert 4-40 | Pos6(O): Open back side | Pos7(C): Carton boxes | Pos8(1): Gold flash
CP4ROC2,How to order,,"Pos1(): Fixed value | Pos2(): Fixed value | Pos3(C): 37 ways | Pos4(P): Plug | Pos5(4R): Rear insert 4-40 | Pos6(O): Open back side | Pos7(C): Carton boxes | Pos8(2): 0.4µm (15µ"")"
CP4ROC4,How to order,,"Pos1(): Fixed value | Pos2(): Fixed value | Pos3(C): 37 ways | Pos4(P): Plug | Pos5(4R): Rear insert 4-40 | Pos6(O): Open back side | Pos7(C): Carton boxes | Pos8(4): 0.76µm (30µ"")"
CP4Rno digitC1,How to order,,Pos1(): Fixed value | Pos2(): Fixed value | Pos3(C): 37 ways | Pos4(P): Plug | Pos5(4R): Rear insert 4-40 | Pos6(no digit): Closed back side | Pos7(C): Carton boxes | Pos8(1): Gold flash
CP4Rno digitC2,How to order,,"Pos1(): Fixed value | Pos2(): Fixed value | Pos3(C): 37 ways | Pos4(P): Plug | Pos5(4R): Rear insert 4-40 | Pos6(no digit): Closed back side | Pos7(C): Carton boxes | Pos8(2): 0.4µm (15µ"")"
CP4Rno digitC4,How to order,,"Pos1(): Fixed value | Pos2(): Fixed value | Pos3(C): 37 ways | Pos4(P): Plug | Pos5(4R): Rear insert 4-40 | Pos6(no digit): Closed back side | Pos7(C): Carton boxes | Pos8(4): 0.76µm (30µ"")"
CP3ROC1,How to order,,Pos1(): Fixed value | Pos2(): Fixed value | Pos3(C): 37 ways | Pos4(P): Plug | Pos5(3R): Rear insert M3 | Pos6(O): Open back side | Pos7(C): Carton boxes | Pos8(1): Gold flash
CP3ROC2,How to order,,"Pos1(): Fixed value | Pos2(): Fixed value | Pos3(C): 37 ways | Pos4(P): Plug | Pos5(3R): Rear insert M3 | Pos6(O): Open back side | Pos7(C): Carton boxes | Pos8(2): 0.4µm (15µ"")"
CP3ROC4,How to order,,"Pos1(): Fixed value | Pos2(): Fixed value | Pos3(C): 37 ways | Pos4(P): Plug | Pos5(3R): Rear insert M3 | Pos6(O): Open back side | Pos7(C): Carton boxes | Pos8(4): 0.76µm (30µ"")"
CP3Rno digitC1,How to order,,Pos1(): Fixed value | Pos2(): Fixed value | Pos3(C): 37 ways | Pos4(P): Plug | Pos5(3R): Rear insert M3 | Pos6(no digit): Closed back side | Pos7(C): Carton boxes | Pos8(1): Gold flash
CP3Rno digitC2,How to order,,"Pos1(): Fixed value | Pos2(): Fixed value | Pos3(C): 37 ways | Pos4(P): Plug | Pos5(3R): Rear insert M3 | Pos6(no digit): Closed back side | Pos7(C): Carton boxes | Pos8(2): 0.4µm (15µ"")"
CP3Rno digitC4,How to order,,"Pos1(): Fixed value | Pos2(): Fixed value | Pos3(C): 37 ways | Pos4(P): Plug | Pos5(3R): Rear insert M3 | Pos6(no digit): Closed back side | Pos7(C): Carton boxes | Pos8(4): 0.76µm (30µ"")"
CP4FOC1,How to order,,Pos1(): Fixed value | Pos2(): Fixed value | Pos3(C): 37 ways | Pos4(P): Plug | Pos5(4F): Front screwlock 4-40 | Pos6(O): Open back side | Pos7(C): Carton boxes | Pos8(1): Gold flash
CP4FOC2,How to order,,"Pos1(): Fixed value | Pos2(): Fixed value | Pos3(C): 37 ways | Pos4(P): Plug | Pos5(4F): Front screwlock 4-40 | Pos6(O): Open back side | Pos7(C): Carton boxes | Pos8(2): 0.4µm (15µ"")"
CP4FOC4,How to order,,"Pos1(): Fixed value | Pos2(): Fixed value | Pos3(C): 37 ways | Pos4(P): Plug | Pos5(4F): Front screwlock 4-40 | Pos6(O): Open back side | Pos7(C): Carton boxes | Pos8(4): 0.76µm (30µ"")"
CP4Fno digitC1,How to order,,Pos1(): Fixed value | Pos2(): Fixed value | Pos3(C): 37 ways | Pos4(P): Plug | Pos5(4F): Front screwlock 4-40 | Pos6(no digit): Closed back side | Pos7(C): Carton boxes | Pos8(1): Gold flash
CP4Fno digitC2,How to order,,"Pos1(): Fixed value | Pos2(): Fixed value | Pos3(C): 37 ways | Pos4(P): Plug | Pos5(4F): Front screwlock 4-40 | Pos6(no digit): Closed back side | Pos7(C): Carton boxes | Pos8(2): 0.4µm (15µ"")"
CP4Fno digitC4,How to order,,"Pos1(): Fixed value | Pos2(): Fixed value | Pos3(C): 37 ways | Pos4(P): Plug | Pos5(4F): Front screwlock 4-40 | Pos6(no digit): Closed back side | Pos7(C): Carton boxes | Pos8(4): 0.76µm (30µ"")"
CP3FOC1,How to order,,Pos1(): Fixed value | Pos2(): Fixed value | Pos3(C): 37 ways | Pos4(P): Plug | Pos5(3F): Front screwlock M3 | Pos6(O): Open back side | Pos7(C): Carton boxes | Pos8(1): Gold flash
CP3FOC2,How to order,,"Pos1(): Fixed value | Pos2(): Fixed value | Pos3(C): 37 ways | Pos4(P): Plug | Pos5(3F): Front screwlock M3 | Pos6(O): Open back side | Pos7(C): Carton boxes | Pos8(2): 0.4µm (15µ"")"
CP3FOC4,How to order,,"Pos1(): Fixed value | Pos2(): Fixed value | Pos3(C): 37 ways | Pos4(P): Plug | Pos5(3F): Front screwlock M3 | Pos6(O): Open back side | Pos7(C): Carton boxes | Pos8(4): 0.76µm (30µ"")"
CP3Fno digitC1,How to order,,Pos1(): Fixed value | Pos2(): Fixed value | Pos3(C): 37 ways | Pos4(P): Plug | Pos5(3F): Front screwlock M3 | Pos6(no digit): Closed back side | Pos7(C): Carton boxes | Pos8(1): Gold flash
CP3Fno digitC2,How to order,,"Pos1(): Fixed value | Pos2(): Fixed value | Pos3(C): 37 ways | Pos4(P): Plug | Pos5(3F): Front screwlock M3 | Pos6(no digit): Closed back side | Pos7(C): Carton boxes | Pos8(2): 0.4µm (15µ"")"
CP3Fno digitC4,How to order,,"Pos1(): Fixed value | Pos2(): Fixed value | Pos3(C): 37 ways | Pos4(P): Plug | Pos5(3F): Front screwlock M3 | Pos6(no digit): Closed back side | Pos7(C): Carton boxes | Pos8(4): 0.76µm (30µ"")"
CS4ROC1,How to order,,Pos1(): Fixed value | Pos2(): Fixed value | Pos3(C): 37 ways | Pos4(S): Socket | Pos5(4R): Rear insert 4-40 | Pos6(O): Open back side | Pos7(C): Carton boxes | Pos8(1): Gold flash
CS4ROC2,How to order,,"Pos1(): Fixed value | Pos2(): Fixed value | Pos3(C): 37 ways | Pos4(S): Socket | Pos5(4R): Rear insert 4-40 | Pos6(O): Open back side | Pos7(C): Carton boxes | Pos8(2): 0.4µm (15µ"")"
CS4ROC4,How to order,,"Pos1(): Fixed value | Pos2(): Fixed value | Pos3(C): 37 ways | Pos4(S): Socket | Pos5(4R): Rear insert 4-40 | Pos6(O): Open back side | Pos7(C): Carton boxes | Pos8(4): 0.76µm (30µ"")"
CS4Rno digitC1,How to order,,Pos1(): Fixed value | Pos2(): Fixed value | Pos3(C): 37 ways | Pos4(S): Socket | Pos5(4R): Rear insert 4-40 | Pos6(no digit): Closed back side | Pos7(C): Carton boxes | Pos8(1): Gold flash
CS4Rno digitC2,How to order,,"Pos1(): Fixed value | Pos2(): Fixed value | Pos3(C): 37 ways | Pos4(S): Socket | Pos5(4R): Rear insert 4-40 | Pos6(no digit): Closed back side | Pos7(C): Carton boxes | Pos8(2): 0.4µm (15µ"")"
CS4Rno digitC4,How to order,,"Pos1(): Fixed value | Pos2(): Fixed value | Pos3(C): 37 ways | Pos4(S): Socket | Pos5(4R): Rear insert 4-40 | Pos6(no digit): Closed back side | Pos7(C): Carton boxes | Pos8(4): 0.76µm (30µ"")"
CS3ROC1,How to order,,Pos1(): Fixed value | Pos2(): Fixed value | Pos3(C): 37 ways | Pos4(S): Socket | Pos5(3R): Rear insert M3 | Pos6(O): Open back side | Pos7(C): Carton boxes | Pos8(1): Gold flash
CS3ROC2,How to order,,"Pos1(): Fixed value | Pos2(): Fixed value | Pos3(C): 37 ways | Pos4(S): Socket | Pos5(3R): Rear insert M3 | Pos6(O): Open back side | Pos7(C): Carton boxes | Pos8(2): 0.4µm (15µ"")"
CS3ROC4,How to order,,"Pos1(): Fixed value | Pos2(): Fixed value | Pos3(C): 37 ways | Pos4(S): Socket | Pos5(3R): Rear insert M3 | Pos6(O): Open back side | Pos7(C): Carton boxes | Pos8(4): 0.76µm (30µ"")"
CS3Rno digitC1,How to order,,Pos1(): Fixed value | Pos2(): Fixed value | Pos3(C): 37 ways | Pos4(S): Socket | Pos5(3R): Rear insert M3 | Pos6(no digit): Closed back side | Pos7(C): Carton boxes | Pos8(1): Gold flash
CS3Rno digitC2,How to order,,"Pos1(): Fixed value | Pos2(): Fixed value | Pos3(C): 37 ways | Pos4(S): Socket | Pos5(3R): Rear insert M3 | Pos6(no digit): Closed back side | Pos7(C): Carton boxes | Pos8(2): 0.4µm (15µ"")"
CS3Rno digitC4,How to order,,"Pos1(): Fixed value | Pos2(): Fixed value | Pos3(C): 37 ways | Pos4(S): Socket | Pos5(3R): Rear insert M3 | Pos6(no digit): Closed back side | Pos7(C): Carton boxes | Pos8(4): 0.76µm (30µ"")"
CS4FOC1,How to order,,Pos1(): Fixed value | Pos2(): Fixed value | Pos3(C): 37 ways | Pos4(S): Socket | Pos5(4F): Front screwlock 4-40 | Pos6(O): Open back side | Pos7(C): Carton boxes | Pos8(1): Gold flash
CS4FOC2,How to order,,"Pos1(): Fixed value | Pos2(): Fixed value | Pos3(C): 37 ways | Pos4(S): Socket | Pos5(4F): Front screwlock 4-40 | Pos6(O): Open back side | Pos7(C): Carton boxes | Pos8(2): 0.4µm (15µ"")"
CS4FOC4,How to order,,"Pos1(): Fixed value | Pos2(): Fixed value | Pos3(C): 37 ways | Pos4(S): Socket | Pos5(4F): Front screwlock 4-40 | Pos6(O): Open back side | Pos7(C): Carton boxes | Pos8(4): 0.76µm (30µ"")"
CS4Fno digitC1,How to order,,Pos1(): Fixed value | Pos2(): Fixed value | Pos3(C): 37 ways | Pos4(S): Socket | Pos5(4F): Front screwlock 4-40 | Pos6(no digit): Closed back side | Pos7(C): Carton boxes | Pos8(1): Gold flash
CS4Fno digitC2,How to order,,"Pos1(): Fixed value | Pos2(): Fixed value | Pos3(C): 37 ways | Pos4(S): Socket | Pos5(4F): Front screwlock 4-40 | Pos6(no digit): Closed back side | Pos7(C): Carton boxes | Pos8(2): 0.4µm (15µ"")"
CS4Fno digitC4,How to order,,"Pos1(): Fixed value | Pos2(): Fixed value | Pos3(C): 37 ways | Pos4(S): Socket | Pos5(4F): Front screwlock 4-40 | Pos6(no digit): Closed back side | Pos7(C): Carton boxes | Pos8(4): 0.76µm (30µ"")"
CS3FOC1,How to order,,Pos1(): Fixed value | Pos2(): Fixed value | Pos3(C): 37 ways | Pos4(S): Socket | Pos5(3F): Front screwlock M3 | Pos6(O): Open back side | Pos7(C): Carton boxes | Pos8(1): Gold flash
CS3FOC2,How to order,,"Pos1(): Fixed value | Pos2(): Fixed value | Pos3(C): 37 ways | Pos4(S): Socket | Pos5(3F): Front screwlock M3 | Pos6(O): Open back side | Pos7(C): Carton boxes | Pos8(2): 0.4µm (15µ"")"
CS3FOC4,How to order,,"Pos1(): Fixed value | Pos2(): Fixed value | Pos3(C): 37 ways | Pos4(S): Socket | Pos5(3F): Front screwlock M3 | Pos6(O): Open back side | Pos7(C): Carton boxes | Pos8(4): 0.76µm (30µ"")"
CS3Fno digitC1,How to order,,Pos1(): Fixed value | Pos2(): Fixed value | Pos3(C): 37 ways | Pos4(S): Socket | Pos5(3F): Front screwlock M3 | Pos6(no digit): Closed back side | Pos7(C): Carton boxes | Pos8(1): Gold flash
CS3Fno digitC2,How to order,,"Pos1(): Fixed value | Pos2(): Fixed value | Pos3(C): 37 ways | Pos4(S): Socket | Pos5(3F): Front screwlock M3 | Pos6(no digit): Closed back side | Pos7(C): Carton boxes | Pos8(2): 0.4µm (15µ"")"
CS3Fno digitC4,How to order,,"Pos1(): Fixed value | Pos2(): Fixed value | Pos3(C): 37 ways | Pos4(S): Socket | Pos5(3F): Front screwlock M3 | Pos6(no digit): Closed back side | Pos7(C): Carton boxes | Pos8(4): 0.76µm (30µ"")"
